
<?xml version="1.0" encoding="ISO-8859-1" standalone="yes"?>
<!DOCTYPE daogen-metadata>

<daogen-metadata>
   <version>2.4.1</version>
   <timestamp>21.04.2015</timestamp>

   <tableName>administrador</tableName>
   <className>Administrador</className>
   <language>php</language>
   <database>mysql</database>
   <useCache>false</useCache>
   <classPackage></classPackage>
   <columns>
      <dbColumn PK="true" colType="Int" colName="idAdministrador" varName="idAdministrador" 
      automatic="false" valueSource="" indexed="true" colLength="10" orderLevel="1" orderType="ASC" />

      <dbColumn PK="false" colType="String" colName="primerNom" varName="primerNom" 
      automatic="false" valueSource="" indexed="false" colLength="255" orderLevel="0" orderType="ASC" />

      <dbColumn PK="false" colType="String" colName="segundoNom" varName="segundoNom" 
      automatic="false" valueSource="" indexed="false" colLength="255" orderLevel="0" orderType="ASC" />

      <dbColumn PK="false" colType="String" colName="primerApe" varName="primerApe" 
      automatic="false" valueSource="" indexed="false" colLength="255" orderLevel="0" orderType="ASC" />

      <dbColumn PK="false" colType="String" colName="segundoApe" varName="segundoApe" 
      automatic="false" valueSource="" indexed="false" colLength="255" orderLevel="0" orderType="ASC" />

      <dbColumn PK="false" colType="String" colName="username" varName="username" 
      automatic="false" valueSource="" indexed="false" colLength="255" orderLevel="0" orderType="ASC" />

      <dbColumn PK="false" colType="String" colName="password" varName="password" 
      automatic="false" valueSource="" indexed="false" colLength="255" orderLevel="0" orderType="ASC" />

      <dbColumn PK="false" colType="String" colName="email" varName="email" 
      automatic="false" valueSource="" indexed="false" colLength="255" orderLevel="0" orderType="ASC" />

      <dbColumn PK="false" colType="Int" colName="tipo" varName="tipo" 
      automatic="false" valueSource="" indexed="false" colLength="255" orderLevel="0" orderType="ASC" />

   </columns>
</daogen-metadata>