<?xml version="1.0" encoding="ISO-8859-1" standalone="yes"?>
<!DOCTYPE daogen-metadata>

<daogen-metadata>
   <version>2.4.1</version>
   <timestamp>28.03.2015</timestamp>

   <tableName>artesano</tableName>
   <className>Artesano</className>
   <language>php</language>
   <database>mysql</database>
   <useCache>false</useCache>
   <classPackage></classPackage>
   <columns>
      <dbColumn PK="true" colType="Int" colName="idArtesano" varName="idArtesano" 
      automatic="false" valueSource="" indexed="true" colLength="10" orderLevel="1" orderType="ASC" />

      <dbColumn PK="false" colType="Int" colName="TipoDoc" varName="TipoDoc" 
      automatic="false" valueSource="" indexed="false" colLength="10" orderLevel="0" orderType="ASC" />

      <dbColumn PK="false" colType="String" colName="NroDoc" varName="NroDoc" 
      automatic="false" valueSource="" indexed="false" colLength="255" orderLevel="0" orderType="ASC" />

      <dbColumn PK="false" colType="String" colName="password" varName="password" 
      automatic="false" valueSource="" indexed="false" colLength="255" orderLevel="0" orderType="ASC" />

      <dbColumn PK="false" colType="String" colName="direccion" varName="direccion" 
      automatic="false" valueSource="" indexed="false" colLength="255" orderLevel="0" orderType="ASC" />

      <dbColumn PK="false" colType="String" colName="telefono" varName="telefono" 
      automatic="false" valueSource="" indexed="false" colLength="255" orderLevel="0" orderType="ASC" />

      <dbColumn PK="false" colType="String" colName="username" varName="username" 
      automatic="false" valueSource="" indexed="false" colLength="255" orderLevel="0" orderType="ASC" />

      <dbColumn PK="false" colType="Int" colName="estado" varName="estado" 
      automatic="false" valueSource="" indexed="false" colLength="10" orderLevel="0" orderType="ASC" />

      <dbColumn PK="false" colType="String" colName="nombre" varName="nombre" 
      automatic="false" valueSource="" indexed="false" colLength="255" orderLevel="0" orderType="ASC" />

      <dbColumn PK="false" colType="String" colName="celular" varName="celular" 
      automatic="false" valueSource="" indexed="false" colLength="255" orderLevel="0" orderType="ASC" />

      <dbColumn PK="false" colType="String" colName="email" varName="email" 
      automatic="false" valueSource="" indexed="false" colLength="255" orderLevel="0" orderType="ASC" />

      <dbColumn PK="false" colType="Int" colName="certificacion" varName="certificacion" 
      automatic="false" valueSource="" indexed="false" colLength="10" orderLevel="0" orderType="ASC" />

      <dbColumn PK="false" colType="Int" colName="nivelestudio" varName="nivelestudio" 
      automatic="false" valueSource="" indexed="false" colLength="10" orderLevel="0" orderType="ASC" />

      <dbColumn PK="false" colType="String" colName="aprendices" varName="aprendices" 
      automatic="false" valueSource="" indexed="false" colLength="255" orderLevel="0" orderType="ASC" />

      <dbColumn PK="false" colType="String" colName="cursos" varName="cursos" 
      automatic="false" valueSource="" indexed="false" colLength="255" orderLevel="0" orderType="ASC" />

      <dbColumn PK="false" colType="String" colName="formatofoto" varName="formatofoto" 
      automatic="false" valueSource="" indexed="false" colLength="255" orderLevel="0" orderType="ASC" />
   </columns>
</daogen-metadata>