<?xml version="1.0" encoding="ISO-8859-1" standalone="yes"?>
<!DOCTYPE daogen-metadata>

<daogen-metadata>
   <version>2.4.1</version>
   <timestamp>17.07.2015</timestamp>

   <tableName>perfil</tableName>
   <className>Perfil</className>
   <language>php</language>
   <database>mysql</database>
   <useCache>false</useCache>
   <classPackage></classPackage>
   <columns>
      <dbColumn PK="true" colType="Int" colName="idPerfil" varName="idPerfil" 
      automatic="false" valueSource="" indexed="true" colLength="10" orderLevel="1" orderType="ASC" />

      <dbColumn PK="false" colType="String" colName="nomPerfil" varName="nomPerfil" 
      automatic="false" valueSource="" indexed="false" colLength="255" orderLevel="0" orderType="ASC" />

      <dbColumn PK="false" colType="String" colName="valorPerfil" varName="valorPerfil" 
      automatic="false" valueSource="" indexed="false" colLength="255" orderLevel="0" orderType="ASC" />

   </columns>
</daogen-metadata>