<?xml version="1.0" encoding="ISO-8859-1" standalone="yes"?>
<!DOCTYPE daogen-metadata>

<daogen-metadata>
   <version>2.4.1</version>
   <timestamp>21.04.2015</timestamp>

   <tableName>producto</tableName>
   <className>Producto</className>
   <language>php</language>
   <database>mysql</database>
   <useCache>false</useCache>
   <classPackage></classPackage>
   <columns>
      <dbColumn PK="true" colType="Int" colName="idproducto" varName="idproducto" 
      automatic="false" valueSource="" indexed="true" colLength="10" orderLevel="1" orderType="ASC" />

      <dbColumn PK="false" colType="String" colName="descripcion" varName="descripcion" 
      automatic="false" valueSource="" indexed="false" colLength="255" orderLevel="0" orderType="ASC" />

      <dbColumn PK="false" colType="String" colName="link" varName="link" 
      automatic="false" valueSource="" indexed="false" colLength="255" orderLevel="0" orderType="ASC" />

      <dbColumn PK="false" colType="Int" colName="idartesano" varName="idartesano" 
      automatic="false" valueSource="" indexed="false" colLength="10" orderLevel="0" orderType="ASC" />

      <dbColumn PK="false" colType="Int" colName="aceptado" varName="aceptado" 
      automatic="false" valueSource="" indexed="false" colLength="10" orderLevel="0" orderType="ASC" />

      <dbColumn PK="false" colType="String" colName="empresa" varName="empresa" 
      automatic="false" valueSource="" indexed="false" colLength="255" orderLevel="0" orderType="ASC" />

      <dbColumn PK="false" colType="String" colName="nroenvio" varName="nroenvio" 
      automatic="false" valueSource="" indexed="false" colLength="255" orderLevel="0" orderType="ASC" />

      <dbColumn PK="false" colType="Int" colName="notificado" varName="notificado" 
      automatic="false" valueSource="" indexed="false" colLength="10" orderLevel="0" orderType="ASC" />

      <dbColumn PK="false" colType="Int" colName="stock" varName="stock" 
      automatic="false" valueSource="" indexed="false" colLength="10" orderLevel="0" orderType="ASC" />

      <dbColumn PK="false" colType="Int" colName="ventas" varName="ventas" 
      automatic="false" valueSource="" indexed="false" colLength="10" orderLevel="0" orderType="ASC" />

      <dbColumn PK="false" colType="Int" colName="formatofoto" varName="formatofoto" 
      automatic="false" valueSource="" indexed="false" colLength="10" orderLevel="0" orderType="ASC" />

      <dbColumn PK="false" colType="Int" colName="precio" varName="precio" 
      automatic="false" valueSource="" indexed="false" colLength="10" orderLevel="0" orderType="ASC" />

      <dbColumn PK="false" colType="Int" colName="mostrar" varName="mostrar" 
      automatic="false" valueSource="" indexed="false" colLength="10" orderLevel="0" orderType="ASC" />

   </columns>
</daogen-metadata>